{
    "hidden_layers": [
        2291,
        2648,
        2643,
        1763,
        4137,
        1568,
        1778,
        4102,
        3505,
        2906,
        961,
        4314,
        2961,
        4990,
        1051
    ],
    "batch_size": 274,
    "learning_rate": 3.0724074111466447e-07,
    "loss_type": "l1",
    "guidance_weight": 6.068287791751898
}