{
    "hidden_layers": [
        1524,
        2444,
        1558,
        3174,
        919,
        998,
        2093,
        4015,
        1179,
        1295,
        3112,
        1997,
        1156,
        1534,
        1572,
        3856,
        3131,
        1369,
        3272,
        1817,
        1776,
        1660,
        1380,
        3369
    ],
    "num_heads": [
        16,
        3,
        10,
        25,
        5,
        5,
        9,
        5,
        21,
        9,
        18,
        15,
        22,
        4,
        6,
        23,
        4,
        4,
        5,
        25,
        19,
        13,
        18,
        17
    ],
    "batch_size": 216,
    "learning_rate": 2.3335221623832246e-07,
    "loss_type": "l2",
    "noise_steps": 50,
    "guidance_weight": 81.122185
}