{
    "hidden_layers": [
        1524,
        2444,
        1558,
        3174,
        919,
        998,
        2093,
        4015,
        1179,
        1295,
        3112,
        1997,
        1156,
        1534,
        1572,
        3856,
        3131,
        1369,
        3272,
        1817,
        1776,
        1660,
        1380,
        3369
    ],
    "attention_layers": [
        513,
        105,
        335,
        821,
        172,
        191,
        305,
        184,
        702,
        315,
        580,
        508,
        711,
        128,
        203,
        749,
        148,
        135,
        186,
        831,
        615,
        428,
        606,
        546
    ],
    "batch_size": 216,
    "learning_rate": 2.3335221623832246e-07,
    "loss_type": "l2",
    "noise_steps": 50,
    "guidance_weight": 81.122185
}