{
    "MLP": {
        "nn_template": {
            "hidden_layers": [
                467,
                292,
                758,
                1115,
                208,
                1968,
                507
            ]
        },
        "batch_size": 175,
        "learning_rate": 0.0009342617387818968,
        "loss_type": "l1",
        "noise_steps": 10,
        "guidance_weight": 0.11320407384116393
    },
    "MLP_skip": {
        "nn_template": {
            "hidden_layers": [
                1765,
                1794,
                209,
                1780,
                203,
                229,
                696,
                731,
                1429,
                1758,
                218,
                381,
                1432,
                315,
                811,
                315,
                1432,
                381,
                218,
                1758,
                1429,
                731,
                696,
                229,
                203,
                1780,
                209,
                1794,
                1765
            ]
        },
        "batch_size": 206,
        "learning_rate": 8.278928613331498e-05,
        "loss_type": "l1",
        "guidance_weight": 0.03969030596424531,
        "noise_steps": 10
    },
    "EoT": {
        "nn_template": {
            "hidden_layers": [
                1082,
                529,
                798,
                536,
                1958,
                490,
                518,
                206,
                972,
                201,
                1743,
                201,
                972,
                206,
                518,
                490,
                1958,
                536,
                798,
                529,
                1082
            ],
            "num_heads": [
                3,
                2,
                13,
                7,
                1,
                29,
                1,
                1,
                8,
                30,
                1,
                3,
                3,
                3,
                2,
                25,
                1,
                1,
                27,
                11,
                25,
                1
            ]
        },
        "batch_size": 177,
        "learning_rate": 3.1894626641210333e-05,
        "loss_type": "l1",
        "noise_steps": 10,
        "guidance_weight": 0.018626625836869262
    },
    "Simulator": {
        "nn_template": {
            "hidden_layers": [
                3281,
                110,
                1139,
                94,
                3006,
                1417,
                1398,
                535,
                37
            ]
        },
        "batch_size": 119,
        "lr": 3.558195622839453e-05
    },
    "Supervised": {
        "nn_template": {
            "hidden_layers": [
                120,
                240,
                60
            ]
        },
        "batch_size": 512,
        "lr": 1.92373050965465e-06
    },
    "Normalization": {
        "type_normalization": "minmax",
        "log_norm": [
        ]
    }
}