{
    "MLP": {
        "nn_template": {
            "hidden_layers": [
                1535,
                274,
                1995
            ]
        },
        "batch_size": 117,
        "learning_rate": 0.0016075376638196859,
        "loss_type": "l1",
        "noise_steps": 10,
        "guidance_weight": 0.10915691163173324
    },
    "MLP_skip": {
        "nn_template": {
            "hidden_layers": [
                487,
                1914,
                470,
                954,
                1229,
                804,
                211,
                804,
                1229,
                954,
                470,
                1914,
                487
            ]
        },
        "batch_size": 166,
        "learning_rate": 0.0005426761637177589,
        "loss_type": "l1",
        "guidance_weight": 0.03432706585576492,
        "noise_steps": 10
    },
    "EoT": {
        "nn_template": {
            "hidden_layers": [
                441,
                476,
                519,
                209,
                382,
                202,
                202,
                382,
                209,
                519,
                476,
                441
            ],
            "num_heads": [
                2,
                16,
                2,
                2,
                2,
                6,
                6,
                2,
                7,
                1,
                30,
                2,
                11
            ]
        },
        "batch_size": 155,
        "learning_rate": 8.787357956429702e-05,
        "loss_type": "mse",
        "noise_steps": 10,
        "guidance_weight": 0.008553757373982993
    },
    "Simulator": {
        "nn_template": {
            "hidden_layers": [
                1443,
                3056,
                1028,
                2952,
                1124,
                268,
                543,
                393,
                646
            ]
        },
        "batch_size": 252,
        "lr": 4.508467919195882e-05
    },
    "Supervised": {
        "nn_template": {
            "hidden_layers": [
                252,
                1480,
                38,
                679,
                43,
                3679,
                352,
                195,
                85,
                1429,
                245,
                456,
                22,
                600,
                582,
                597,
                3660
            ]
        },
        "batch_size": 267,
        "lr": 2.7417736752420992e-05
    },
    "Normalization": {
        "type_normalization": "minmax",
        "log_norm": [
            "idd",
            "gbw",
            "pm",
            "cload",
            "_wpmbiasp",
            "_wp5",
            "_wp4",
            "_wp1",
            "_wp0",
            "_wnmbiasp",
            "_wnmbiasn",
            "_wn8",
            "_wn6",
            "_wn4",
            "_wn0",
            "_nfpmbiasp",
            "_nfp5",
            "_nfp4",
            "_nfp1",
            "_nfp0",
            "_nfnmbiasp",
            "_nfnmbiasn",
            "_nfn8",
            "_nfn6",
            "_nfn4",
            "_nfn0",
            "_lpmbiasp",
            "_lp5",
            "_lp4",
            "_lp1",
            "_lp0",
            "_lnmbiasp",
            "_lnmbiasn",
            "_ln8",
            "_ln6",
            "_ln4",
            "_ln0"
        ]
    }
}