{
    "MLP": {
        "nn_template": {
            "hidden_layers": [
                658,
                271,
                1042,
                497,
                735,
                304,
                279,
                615
            ]
        },
        "batch_size": 152,
        "learning_rate": 0.0005777338060732953,
        "loss_type": "l1",
        "noise_steps": 50,
        "guidance_weight": 0.2751521882940341
    },
    "MLP_skip": {
        "nn_template": {
            "hidden_layers": [
                1000,
                1000,
                1000,
                1000,
                1000
            ]
        },
        "batch_size": 100,
        "learning_rate": 9.228295957427455e-05,
        "loss_type": "mse",
        "guidance_weight": 1,
        "noise_steps": 1000
    },
    "EoT": {
        "nn_template": {
            "hidden_layers": [
                1000,
                1000,
                1000,
                1000,
                1000,
                1000,
                1000,
                1000,
                1000
            ],
            "num_heads": [
                10,
                10,
                10,
                10,
                10,
                10,
                10,
                10,
                10,
                10
            ]
        },
        "batch_size": 100,
        "learning_rate": 1e-05,
        "loss_type": "mse",
        "noise_steps": 1000,
        "guidance_weight": 1
    },
    "Simulator": {
        "nn_template": {
            "hidden_layers": [
                665,
                554,
                190
            ]
        },
        "batch_size": 198,
        "lr": 0.0015281434097305575
    },
    "Normalization": {
        "type_normalization": "minmax",
        "log_norm": [
            "w8",
            "w6",
            "w4",
            "w10",
            "w1",
            "w0",
            "l8",
            "l6",
            "l4",
            "l10",
            "l1",
            "l0"
        ]
    }
}