{
    "MLP": {
        "nn_template": {
            "hidden_layers": [
                433,
                406,
                280
            ]
        },
        "batch_size": 140,
        "learning_rate": 0.00854861132872438,
        "loss_type": "l1",
        "noise_steps": 10,
        "guidance_weight": 0.1644418165999706
    },
    "MLP_skip": {
        "nn_template": {
            "hidden_layers": [
                512,
                1159,
                1242,
                307,
                406,
                343,
                1064,
                366,
                439,
                366,
                1064,
                343,
                406,
                307,
                1242,
                1159,
                512
            ]
        },
        "batch_size": 203,
        "learning_rate": 0.0002707847064465564,
        "loss_type": "l1",
        "guidance_weight": 0.049909114578851665,
        "noise_steps": 10
    },
    "EoT": {
        "nn_template": {
            "hidden_layers": [
                773,
                1056,
                340,
                846,
                208
            ],
            "num_heads": [
                6,
                2,
                3,
                2,
                2,
                2,
                1,
                12,
                1,
                3
            ]
        },
        "batch_size": 167,
        "learning_rate": 5.5165667342678884e-05,
        "loss_type": "l1",
        "noise_steps": 10,
        "guidance_weight": 0.3247990627896279
    },
    "Simulator": {
        "nn_template": {
            "hidden_layers": [
                4023,
                320,
                138,
                50,
                1558,
                20,
                68,
                1082,
                4326
            ]
        },
        "batch_size": 123,
        "lr": 8.134269661984001e-05
    },
    "Normalization": {
        "type_normalization": "minmax",
        "log_norm": [
            "gbw", 
            "pm", 
            "idd",
            "gdc",
            "_wpmbiasp",
            "_wp5",
            "_wp4",
            "_wp1",
            "_wp0",
            "_wnmbiasp",
            "_wnmbiasn",
            "_wn8",
            "_wn6",
            "_wn4",
            "_wn0",
            "_nfpmbiasp",
            "_nfp5",
            "_nfp4",
            "_nfp1",
            "_nfp0",
            "_nfnmbiasp",
            "_nfnmbiasn",
            "_nfn8",
            "_nfn6",
            "_nfn4",
            "_nfn0",
            "_lpmbiasp",
            "_lp5",
            "_lp4",
            "_lp1",
            "_lp0",
            "_lnmbiasp",
            "_lnmbiasn",
            "_ln8",
            "_ln6",
            "_ln4",
            "_ln0"
        ]
    }
}