{
    "MLP": {
        "nn_template": {
            "hidden_layers": [
                1300,
                469,
                200
            ]
        },
        "batch_size": 80,
        "learning_rate": 0.0010778609216437387,
        "loss_type": "l1",
        "noise_steps": 10,
        "guidance_weight": 0.09290074027868052
    },
    "MLP_skip": {
        "nn_template": {
            "hidden_layers": [
                358,
                1064,
                1023,
                361,
                1340,
                455,
                372,
                1963,
                947,
                420,
                582,
                420,
                947,
                1963,
                372,
                455,
                1340,
                361,
                1023,
                1064,
                358
            ]
        },
        "batch_size": 179,
        "learning_rate": 0.00021956135985513872,
        "loss_type": "l1",
        "guidance_weight": 0.026593627814678097,
        "noise_steps": 10
    },
    "EoT": {
        "nn_template": {
            "hidden_layers": [
                1160,
                309,
                554,
                1361,
                647,
                647,
                1361,
                554,
                309,
                1160
            ],
            "num_heads": [
                4,
                2,
                13,
                9,
                8,
                14,
                3,
                26,
                2,
                30,
                28
            ]
        },
        "batch_size": 132,
        "learning_rate": 0.0007695081353136853,
        "loss_type": "l1",
        "noise_steps": 10,
        "guidance_weight": 0.017781083851155594
    },
    "Simulator": {
        "nn_template": {
            "hidden_layers": [
                862,
                1525,
                3163,
                58,
                140,
                678,
                20
            ]
        },
        "batch_size": 103,
        "lr": 0.0005791078685328565
    },
    "Normalization": {
        "type_normalization": "minmax",
        "log_norm": [
            "_wpmbiasp",
            "_wp5",
            "_wp4",
            "_wp1",
            "_wp0",
            "_wnmbiasp",
            "_wnmbiasn",
            "_wn8",
            "_wn6",
            "_wn4",
            "_wn0",
            "_nfpmbiasp",
            "_nfp5",
            "_nfp4",
            "_nfp1",
            "_nfp0",
            "_nfnmbiasp",
            "_nfnmbiasn",
            "_nfn8",
            "_nfn6",
            "_nfn4",
            "_nfn0",
            "_lpmbiasp",
            "_lp5",
            "_lp4",
            "_lp1",
            "_lp0",
            "_lnmbiasp",
            "_lnmbiasn",
            "_ln8",
            "_ln6",
            "_ln4",
            "_ln0"
        ]
    }
}