{
    "MLP": {
        "nn_template": {
            "hidden_layers": [
                1349,
                202,
                952
            ]
        },
        "batch_size": 132,
        "learning_rate": 0.0016053955926854306,
        "loss_type": "l1",
        "noise_steps": 10,
        "guidance_weight": 0.1038172931758462
    },
    "MLP_skip": {
        "nn_template": {
            "hidden_layers": [
                530,
                807,
                209,
                400,
                914,
                389,
                829,
                536,
                273,
                397,
                742,
                397,
                273,
                536,
                829,
                389,
                914,
                400,
                209,
                807,
                530
            ]
        },
        "batch_size": 206,
        "learning_rate": 0.0005284157412383816,
        "loss_type": "l1",
        "guidance_weight": 0.10212106530639768,
        "noise_steps": 10
    },
    "EoT": {
        "nn_template": {
            "hidden_layers": [
                773,
                1056,
                340,
                846,
                208
            ],
            "num_heads": [
                6,
                2,
                3,
                2,
                2,
                2,
                1,
                12,
                1,
                3
            ]
        },
        "batch_size": 167,
        "learning_rate": 5.5165667342678884e-05,
        "loss_type": "l1",
        "noise_steps": 100,
        "guidance_weight": 0.3247990627896279
    },
    "Simulator": {
        "nn_template": {
            "hidden_layers": [
                267,
                4515,
                4500,
                1327,
                119,
                1864,
                152,
                22
            ]
        },
        "batch_size": 155,
        "lr": 5.326709985249241e-05
    },
    "Normalization": {
        "type_normalization": "minmax",
        "log_norm": [
            "w8",
            "w6",
            "w4",
            "w10",
            "w1",
            "w0",
            "l8",
            "l6",
            "l4",
            "l10",
            "l1",
            "l0"
        ]
    }
}