{
    "MLP": {
        "nn_template": {
            "hidden_layers": [
                658,
                271,
                1042,
                497,
                735,
                304,
                279,
                615
            ]
        },
        "batch_size": 152,
        "learning_rate": 0.0005777338060732953,
        "loss_type": "l1",
        "noise_steps": 50,
        "guidance_weight": 0.2751521882940341
    },
    "MLP_skip": {
        "nn_template": {
            "hidden_layers": [
                251,
                1662,
                1035,
                1995,
                282,
                1476,
                290,
                825,
                265,
                1409,
                1283,
                741,
                510,
                234,
                996,
                568,
                1054,
                1470,
                1470,
                1054,
                568,
                996,
                234,
                510,
                741,
                1283,
                1409,
                265,
                825,
                290,
                1476,
                282,
                1995,
                1035,
                1662,
                251
            ]
        },
        "batch_size": 295,
        "learning_rate": 0.0002649801670637947,
        "loss_type": "mse",
        "guidance_weight": 0.2855962730837893,
        "noise_steps": 10
    },
    "EoT": {
        "nn_template": {
            "hidden_layers": [
                202,
                1917,
                1915,
                901,
                317,
                1884,
                239,
                690,
                262,
                725,
                201,
                245,
                206,
                450,
                752,
                1991,
                1272,
                1879,
                759,
                203,
                264,
                1975,
                1904
            ],
            "num_heads": [
                6,
                2,
                29,
                11,
                2,
                1,
                2,
                2,
                1,
                10,
                1,
                3,
                10,
                30,
                15,
                1,
                1,
                22,
                29,
                12,
                19,
                4,
                1,
                5
            ]
        },
        "batch_size": 104,
        "learning_rate": 1.4703622847641759e-06,
        "loss_type": "mse",
        "noise_steps": 100,
        "guidance_weight": 0.3
    },
    "Simulator": {
        "nn_template": {
            "hidden_layers": [
                665,
                554,
                190
            ]
        },
        "batch_size": 198,
        "lr": 0.0015281434097305575
    },
    "Normalization": {
        "type_normalization": "minmax",
        "log_norm": [
            "w8",
            "w6",
            "w4",
            "w10",
            "w1",
            "w0",
            "l8",
            "l6",
            "l4",
            "l10",
            "l1",
            "l0"
        ]
    }
}