{
    "MLP": {
        "nn_template": {
            "hidden_layers": [
                433,
                375,
                280
            ]
        },
        "batch_size": 140,
        "learning_rate": 0.00854861132872438,
        "loss_type": "l1",
        "noise_steps": 10,
        "guidance_weight": 0.2987643891763977
    },
    "MLP_skip": {
        "nn_template": {
            "hidden_layers": [
                422,
                443,
                1701,
                383,
                543,
                229,
                1872,
                207,
                964,
                436,
                964,
                207,
                1872,
                229,
                543,
                383,
                1701,
                443,
                422
            ]
        },
        "batch_size": 84,
        "learning_rate": 0.00011151326766559367,
        "loss_type": "l1",
        "guidance_weight": 0.05218724660144223,
        "noise_steps": 10
    },
    "EoT": {
        "nn_template": {
            "hidden_layers": [
                773,
                1056,
                340,
                846,
                208
            ],
            "num_heads": [
                6,
                2,
                3,
                2,
                2,
                2,
                1,
                12,
                1,
                3
            ]
        },
        "batch_size": 167,
        "learning_rate": 5.5165667342678884e-05,
        "loss_type": "l1",
        "noise_steps": 100,
        "guidance_weight": 0.3247990627896279
    },
    "Simulator": {
        "nn_template": {
            "hidden_layers": [
                1789,
                2213,
                66,
                51,
                193,
                20,
                41,
                1234,
                1164
            ]
        },
        "batch_size": 77,
        "lr": 0.0015679512873372097
    },
    "Normalization": {
        "type_normalization": "minmax",
        "log_norm": [
            "_wpmbiasp",
            "_wp5",
            "_wp4",
            "_wp1",
            "_wp0",
            "_wnmbiasp",
            "_wnmbiasn",
            "_wn8",
            "_wn6",
            "_wn4",
            "_wn0",
            "_lp5",
            "_lp4",
            "_lp1",
            "_lp0",
            "_lnmbiasp",
            "_lnmbiasn",
            "_ln8",
            "_ln6",
            "_ln4",
            "_ln0",
            "gdc",
            "gbw",
            "pm",
            "idd"
        ]
    }
}