{
    "MLP": {
        "nn_template": {
            "hidden_layers": [
                1349,
                202,
                952
            ]
        },
        "batch_size": 132,
        "learning_rate": 0.0016053955926854306,
        "loss_type": "l1",
        "noise_steps": 10,
        "guidance_weight": 0.09009925024544625
    },
    "MLP_skip": {
        "nn_template": {
            "hidden_layers": [
                1037,
                801,
                701,
                530,
                884,
                884,
                530,
                701,
                801,
                1037
            ]
        },
        "batch_size": 171,
        "learning_rate": 0.004734989304499477,
        "loss_type": "l1",
        "guidance_weight": 0.04601453166945019,
        "noise_steps": 10
    },
    "EoT": {
        "nn_template": {
            "hidden_layers": [
                202,
                952,
                372,
                1086,
                1834,
                354,
                753,
                354,
                1834,
                1086,
                372,
                952,
                202
            ],
            "num_heads": [
                3,
                17,
                9,
                2,
                15,
                3,
                20,
                6,
                20,
                9,
                10,
                4,
                27,
                7
            ]
        },
        "batch_size": 206,
        "learning_rate": 0.0005209016311370383,
        "loss_type": "mse",
        "noise_steps": 10,
        "guidance_weight": 0.07672012596015196
    },
    "Simulator": {
        "nn_template": {
            "hidden_layers": [
                267,
                4515,
                4500,
                1327,
                119,
                1864,
                152,
                22
            ]
        },
        "batch_size": 155,
        "lr": 5.326709985249241e-05
    },
    "Normalization": {
        "type_normalization": "minmax",
        "log_norm": [
            "gdc",
            "idd",
            "gbw",
            "pm",
            "w8",
            "w6",
            "w4",
            "w10",
            "w1",
            "w0",
            "l8",
            "l6",
            "l4",
            "l10",
            "l1",
            "l0"
        ]
    }
}